{"x_train_mean": [1718.5486906233239, 1848.0005713219691, 1774.8452650234358, 113.3013198703449, 6.138900170230454], "x_train_std": [372.89588977897057, 394.44737953380866, 543.0281124005837, 38.274342384531344, 2.777525122935598]}